{
  "model_version": "v3",
  "timestamp": "20260115_122258",
  "n_samples": 918,
  "n_fall": 420,
  "n_adl": 498,
  "n_features": 20,
  "feature_names": [
    "acc_x_min",
    "acc_x_max",
    "acc_x_mean",
    "acc_x_var",
    "acc_y_min",
    "acc_y_max",
    "acc_y_mean",
    "acc_y_var",
    "acc_z_min",
    "acc_z_max",
    "acc_z_mean",
    "acc_z_var",
    "acc_mag_min",
    "acc_mag_max",
    "acc_mag_mean",
    "acc_mag_var",
    "pressure_shift",
    "middle_slope",
    "post_fall_slope",
    "filtered_pressure_var"
  ],
  "train_size": 734,
  "test_size": 184,
  "train_accuracy": 1.0,
  "train_precision": 1.0,
  "train_recall": 1.0,
  "train_f1": 1.0,
  "test_accuracy": 0.9945652173913043,
  "test_precision": 1.0,
  "test_recall": 0.9880952380952381,
  "test_f1": 0.9940119760479041,
  "test_auc": 0.9932142857142857,
  "cv_scores": [
    1.0,
    0.9882352941176471,
    1.0,
    0.9940119760479041,
    1.0
  ],
  "cv_mean": 0.9964494540331102,
  "cv_std": 0.0047166270158696495,
  "confusion_matrix": [
    [
      100,
      0
    ],
    [
      1,
      83
    ]
  ],
  "feature_importance": {
    "acc_mag_max": 0.3311039209365845,
    "acc_x_max": 0.22945228219032288,
    "acc_x_mean": 0.06909270584583282,
    "acc_z_max": 0.06514351069927216,
    "acc_y_max": 0.04300384223461151,
    "acc_y_min": 0.03991669416427612,
    "acc_mag_var": 0.03933876380324364,
    "acc_mag_mean": 0.0231986902654171,
    "acc_y_mean": 0.02003191038966179,
    "acc_z_min": 0.01992662250995636,
    "acc_x_var": 0.01767507940530777,
    "acc_y_var": 0.017470426857471466,
    "acc_mag_min": 0.01547032780945301,
    "acc_x_min": 0.014059874229133129,
    "acc_z_mean": 0.013530351221561432,
    "pressure_shift": 0.011539933271706104,
    "filtered_pressure_var": 0.010684954933822155,
    "acc_z_var": 0.007507753558456898,
    "middle_slope": 0.006545184180140495,
    "post_fall_slope": 0.005307279992848635
  },
  "xgb_config": {
    "n_estimators": 100,
    "max_depth": 6,
    "min_child_weight": 1,
    "learning_rate": 0.1,
    "subsample": 0.8,
    "colsample_bytree": 0.8,
    "reg_alpha": 0.0,
    "reg_lambda": 1.0,
    "objective": "binary:logistic",
    "eval_metric": "logloss",
    "random_state": 42,
    "n_jobs": -1,
    "use_label_encoder": false
  }
}