{
  "model_version": "v0",
  "timestamp": "20260219_165853",
  "n_samples": 918,
  "n_fall": 420,
  "n_adl": 498,
  "n_features": 16,
  "feature_names": [
    "acc_x_min",
    "acc_x_max",
    "acc_x_mean",
    "acc_x_var",
    "acc_y_min",
    "acc_y_max",
    "acc_y_mean",
    "acc_y_var",
    "acc_z_min",
    "acc_z_max",
    "acc_z_mean",
    "acc_z_var",
    "acc_mag_min",
    "acc_mag_max",
    "acc_mag_mean",
    "acc_mag_var"
  ],
  "train_size": 642,
  "val_size": 92,
  "test_size": 184,
  "train_accuracy": 1.0,
  "train_precision": 1.0,
  "train_recall": 1.0,
  "train_f1": 1.0,
  "val_accuracy": 0.967391304347826,
  "val_precision": 0.9534883720930233,
  "val_recall": 0.9761904761904762,
  "val_f1": 0.9647058823529412,
  "val_auc": 0.9980952380952381,
  "val_roc_fpr": [
    0.0,
    0.0,
    0.0,
    0.0,
    0.0,
    0.0,
    0.0,
    0.0,
    0.0,
    0.04,
    0.04,
    0.42,
    0.46,
    0.5,
    0.54,
    0.7,
    0.76,
    0.84,
    0.92,
    0.96,
    1.0
  ],
  "val_roc_tpr": [
    0.0,
    0.023809523809523808,
    0.30952380952380953,
    0.35714285714285715,
    0.40476190476190477,
    0.4523809523809524,
    0.5238095238095238,
    0.5714285714285714,
    0.9523809523809523,
    0.9523809523809523,
    1.0,
    1.0,
    1.0,
    1.0,
    1.0,
    1.0,
    1.0,
    1.0,
    1.0,
    1.0,
    1.0
  ],
  "test_accuracy": 0.9836956521739131,
  "test_precision": 0.9879518072289156,
  "test_recall": 0.9761904761904762,
  "test_f1": 0.9820359281437125,
  "test_auc": 0.995,
  "test_roc_fpr": [
    0.0,
    0.0,
    0.0,
    0.0,
    0.0,
    0.0,
    0.0,
    0.0,
    0.0,
    0.0,
    0.0,
    0.01,
    0.01,
    0.02,
    0.02,
    0.04,
    0.08,
    0.15,
    0.17,
    0.21,
    0.23,
    0.25,
    0.27,
    0.34,
    0.36,
    0.38,
    0.38,
    0.4,
    0.5,
    0.52,
    0.55,
    0.56,
    0.58,
    0.66,
    0.68,
    0.69,
    0.71,
    0.75,
    0.77,
    0.78,
    0.82,
    0.9,
    0.92,
    0.97,
    0.99,
    1.0
  ],
  "test_roc_tpr": [
    0.0,
    0.011904761904761904,
    0.23809523809523808,
    0.2619047619047619,
    0.4642857142857143,
    0.4880952380952381,
    0.6666666666666666,
    0.6904761904761905,
    0.8809523809523809,
    0.9047619047619048,
    0.9523809523809523,
    0.9523809523809523,
    0.9761904761904762,
    0.9761904761904762,
    0.9880952380952381,
    0.9880952380952381,
    0.9880952380952381,
    0.9880952380952381,
    0.9880952380952381,
    0.9880952380952381,
    0.9880952380952381,
    0.9880952380952381,
    0.9880952380952381,
    0.9880952380952381,
    0.9880952380952381,
    0.9880952380952381,
    1.0,
    1.0,
    1.0,
    1.0,
    1.0,
    1.0,
    1.0,
    1.0,
    1.0,
    1.0,
    1.0,
    1.0,
    1.0,
    1.0,
    1.0,
    1.0,
    1.0,
    1.0,
    1.0,
    1.0
  ],
  "cv_scores": [
    1.0,
    0.9882352941176471,
    1.0,
    0.9940119760479041,
    0.9940119760479041
  ],
  "cv_mean": 0.9952518492426912,
  "cv_std": 0.004413535728400753,
  "confusion_matrix": [
    [
      99,
      1
    ],
    [
      2,
      82
    ]
  ],
  "feature_importance": {
    "acc_mag_max": 0.2764665186405182,
    "acc_x_max": 0.2502375543117523,
    "acc_y_min": 0.08942834287881851,
    "acc_y_max": 0.07903368026018143,
    "acc_mag_var": 0.053867049515247345,
    "acc_x_mean": 0.05076970160007477,
    "acc_z_max": 0.048758555203676224,
    "acc_mag_mean": 0.04252729192376137,
    "acc_y_mean": 0.018836595118045807,
    "acc_x_min": 0.017666788771748543,
    "acc_z_min": 0.016350839287042618,
    "acc_mag_min": 0.016300614923238754,
    "acc_z_mean": 0.013418986462056637,
    "acc_y_var": 0.011014964431524277,
    "acc_x_var": 0.00918391440063715,
    "acc_z_var": 0.006138605996966362
  },
  "xgb_config": {
    "n_estimators": 100,
    "max_depth": 6,
    "min_child_weight": 1,
    "learning_rate": 0.1,
    "subsample": 0.8,
    "colsample_bytree": 0.8,
    "reg_alpha": 0.0,
    "reg_lambda": 1.0,
    "objective": "binary:logistic",
    "eval_metric": "logloss",
    "random_state": 42,
    "n_jobs": -1,
    "use_label_encoder": false
  },
  "pipeline_type": "integer"
}