{
  "model_version": "v5",
  "timestamp": "20260219_162417",
  "n_samples": 918,
  "n_fall": 420,
  "n_adl": 498,
  "n_features": 22,
  "feature_names": [
    "raw_acc_x_min",
    "raw_acc_x_max",
    "raw_acc_x_mean",
    "raw_acc_x_var",
    "raw_acc_y_min",
    "raw_acc_y_max",
    "raw_acc_y_mean",
    "raw_acc_y_var",
    "raw_acc_z_min",
    "raw_acc_z_max",
    "raw_acc_z_mean",
    "raw_acc_z_var",
    "raw_acc_mag_min",
    "raw_acc_mag_max",
    "raw_acc_mag_mean",
    "raw_acc_mag_var",
    "raw_pressure_min",
    "raw_pressure_max",
    "raw_pressure_mean",
    "raw_pressure_var",
    "raw_pressure_range",
    "raw_pressure_slope"
  ],
  "train_size": 642,
  "val_size": 92,
  "test_size": 184,
  "train_accuracy": 1.0,
  "train_precision": 1.0,
  "train_recall": 1.0,
  "train_f1": 1.0,
  "val_accuracy": 0.9782608695652174,
  "val_precision": 0.9545454545454546,
  "val_recall": 1.0,
  "val_f1": 0.9767441860465116,
  "val_auc": 1.0,
  "val_roc_fpr": [
    0.0,
    0.0,
    0.0,
    0.0,
    0.0,
    0.0,
    0.66,
    0.7,
    0.72,
    0.76,
    0.86,
    0.94,
    1.0
  ],
  "val_roc_tpr": [
    0.0,
    0.023809523809523808,
    0.11904761904761904,
    0.4523809523809524,
    0.5238095238095238,
    1.0,
    1.0,
    1.0,
    1.0,
    1.0,
    1.0,
    1.0,
    1.0
  ],
  "test_accuracy": 0.9836956521739131,
  "test_precision": 0.9879518072289156,
  "test_recall": 0.9761904761904762,
  "test_f1": 0.9820359281437125,
  "test_auc": 0.9952380952380953,
  "test_roc_fpr": [
    0.0,
    0.0,
    0.0,
    0.0,
    0.0,
    0.0,
    0.0,
    0.0,
    0.0,
    0.0,
    0.0,
    0.0,
    0.0,
    0.0,
    0.0,
    0.01,
    0.01,
    0.07,
    0.09,
    0.13,
    0.15,
    0.37,
    0.37,
    0.44,
    0.46,
    0.48,
    0.5,
    0.6,
    0.62,
    0.66,
    0.68,
    0.7,
    0.72,
    0.76,
    0.78,
    0.82,
    0.92,
    0.96,
    0.99,
    1.0
  ],
  "test_roc_tpr": [
    0.0,
    0.011904761904761904,
    0.05952380952380952,
    0.08333333333333333,
    0.10714285714285714,
    0.13095238095238096,
    0.4523809523809524,
    0.47619047619047616,
    0.4880952380952381,
    0.5119047619047619,
    0.5833333333333334,
    0.6071428571428571,
    0.8214285714285714,
    0.8452380952380952,
    0.9523809523809523,
    0.9523809523809523,
    0.9880952380952381,
    0.9880952380952381,
    0.9880952380952381,
    0.9880952380952381,
    0.9880952380952381,
    0.9880952380952381,
    1.0,
    1.0,
    1.0,
    1.0,
    1.0,
    1.0,
    1.0,
    1.0,
    1.0,
    1.0,
    1.0,
    1.0,
    1.0,
    1.0,
    1.0,
    1.0,
    1.0,
    1.0
  ],
  "cv_scores": [
    1.0,
    0.9764705882352941,
    0.9940119760479041,
    0.9940119760479041,
    0.9940119760479041
  ],
  "cv_mean": 0.9917013032758014,
  "cv_std": 0.0079606617054686,
  "confusion_matrix": [
    [
      99,
      1
    ],
    [
      2,
      82
    ]
  ],
  "feature_importance": {
    "raw_acc_mag_max": 0.3621855080127716,
    "raw_acc_x_max": 0.18617945909500122,
    "raw_acc_z_max": 0.06271471828222275,
    "raw_acc_x_mean": 0.05094325542449951,
    "raw_acc_mag_mean": 0.047194987535476685,
    "raw_acc_z_min": 0.03968897834420204,
    "raw_acc_x_min": 0.03304702788591385,
    "raw_pressure_var": 0.02916126884520054,
    "raw_acc_mag_var": 0.027511872351169586,
    "raw_pressure_min": 0.024409351870417595,
    "raw_pressure_slope": 0.02166731283068657,
    "raw_pressure_range": 0.021002119407057762,
    "raw_pressure_max": 0.018237464129924774,
    "raw_acc_y_min": 0.017778145149350166,
    "raw_pressure_mean": 0.015614384785294533,
    "raw_acc_y_max": 0.012905015610158443,
    "raw_acc_mag_min": 0.010112530551850796,
    "raw_acc_y_mean": 0.009153896011412144,
    "raw_acc_x_var": 0.0062371366657316685,
    "raw_acc_z_mean": 0.002924771746620536,
    "raw_acc_y_var": 0.001330770319327712,
    "raw_acc_z_var": 0.0
  },
  "xgb_config": {
    "n_estimators": 100,
    "max_depth": 6,
    "min_child_weight": 1,
    "learning_rate": 0.1,
    "subsample": 0.8,
    "colsample_bytree": 0.8,
    "reg_alpha": 0.0,
    "reg_lambda": 1.0,
    "objective": "binary:logistic",
    "eval_metric": "logloss",
    "random_state": 42,
    "n_jobs": -1,
    "use_label_encoder": false
  }
}